insert into question (id, text) values (1, 'Handelt es sich um eine fiktive Figur?');
insert into question (id, text) values (2, 'Ist die Figur weiblich?');
insert into question (id, text) values (3, 'Ist die Figur menschlich?');
insert into question (id, text) values (4, 'Ist die Figur vor dem Jahr 2000 verstorben?');
insert into question (id, text) values (5, 'Ist die Figur aus Kino oder Fernsehen bekannt?');
insert into question (id, text) values (6, 'Ist die Figur für ihre Musik bekannt?');
insert into question (id, text) values (7, 'Ist die Figur Wissenschaftler?');
insert into question (id, text) values (8, 'Ist die Figur Politiker?');
insert into question (id, text) values (9, 'Hat die Figur etwas mit Sport zu tun?');
insert into question (id, text) values (10, 'Kann die Figur fliegen?');
insert into question (id, text) values (11, 'Wird die Figur hin und wieder mit einem Apfel in Verbindung gebracht?');
insert into question (id, text) values (12, 'Wurde die Figur in Europa geboren?');
insert into question (id, text) values (13, 'Wurde die Figur in den USA geboren?');
insert into question (id, text) values (14, 'Ist die Figur nach 1950 geboren?');
insert into question (id, text) values (15, 'Ist die Figur weltweit bekannt?');
insert into question (id, text) values (16, 'Trägt die Figur eine Waffe?');
insert into question (id, text) values (17, 'Ist die Figur hauptsächlich durch eine Fernsehserie bekannt?');
insert into question (id, text) values (18, 'War oder ist die Figur verheiratet?');
insert into question (id, text) values (19, 'Hat die Figur eine Katze als Haustier?');
insert into question (id, text) values (20, 'War die Figur bereits im Weltall?');
insert into question (id, text) values (21, 'War die Figur bereits wegen Drogenproblemen in den Medien?');
insert into question (id, text) values (22, 'Fängt der Name (Vorname oder Künstlername) mit einem Vokal an?');
insert into question (id, text) values (23, 'Hat man die Figur oft auf Pferden gesehen?');
--
insert into celebrity (id, name, description, image_url) values (1, 'Steve Jobs', 'Apple, NeXT and Pixar', null);
insert into celebrity (id, name, description, image_url) values (2, 'Audrey Hepburn', 'Schauspielerin', null);
insert into celebrity (id, name, description, image_url) values (3, 'Keanu Reeves', 'Schauspieler', null);
insert into celebrity (id, name, description, image_url) values (4, 'Donald F. Duck', 'Cholerische Ente', null);
insert into celebrity (id, name, description, image_url) values (5, 'Albert Einstein', 'Physik-Nobelpreisträger', null);
insert into celebrity (id, name, description, image_url) values (6, 'R2D2', 'Androide in der Star Wars Saga', null);
insert into celebrity (id, name, description, image_url) values (7, 'Data', 'Androide in Star Trek - The Next Generation', null);
insert into celebrity (id, name, description, image_url) values (8, 'Daniel Glattauer', 'Österreichischer Autor und Schriftsteller', null);
insert into celebrity (id, name, description, image_url) values (9, 'Raymond Radiguet', 'Französischer Schriftsteller (Le Diable au Corps)', null);
insert into celebrity (id, name, description, image_url) values (10, 'Gottlieb Daimler', 'Deutscher Ingenieur - einer der Väter des Automobils', null);
insert into celebrity (id, name, description, image_url) values (11, 'Jessica Lowndes', 'Schauspielerin', null);
insert into celebrity (id, name, description, image_url) values (12, 'Shenae Grimes-Beech', 'Schauspielerin', null);
insert into celebrity (id, name, description, image_url) values (13, 'Shania Twain', 'Musikerin', null);
insert into celebrity (id, name, description, image_url) values (14, 'Sherlock Holmes', 'Romanfigur', null);
insert into celebrity (id, name, description, image_url) values (15, 'James Bond', 'Roman- und Filmfigur', null);
insert into celebrity (id, name, description, image_url) values (16, 'Sean Connery', 'Schauspieler', null);
insert into celebrity (id, name, description, image_url) values (17, 'William Shakespeare', 'Schriftsteller', null);
insert into celebrity (id, name, description, image_url) values (18, 'Alan Turing', 'Pionier der Informatik', null);
insert into celebrity (id, name, description, image_url) values (19, 'Konrad Zuse', 'Erbauer des ersten Computers', null);
insert into celebrity (id, name, description, image_url) values (20, 'Charles Babbage', 'Mathematiker, Philosoph, Erfinder der ''Analytical Engine''', null);
insert into celebrity (id, name, description, image_url) values (21, 'Ada Lovelace', 'Allgemein als erste Programmiererin betrachtet', null);
insert into celebrity (id, name, description, image_url) values (22, 'Joyce Jonathan', 'Musikerin', null);
insert into celebrity (id, name, description, image_url) values (23, 'Neil Armstrong', 'Erster Mensch auf dem Mond', null);
--
insert into knowledge_base (celebrity_id, question_id, yes, no, dunno, probably_yes, probably_no) values (4, 1, 100, 0, 0, 0, 0);    
insert into knowledge_base (celebrity_id, question_id, yes, no, dunno, probably_yes, probably_no) values (6, 1, 100, 0, 0, 0, 0);    
insert into knowledge_base (celebrity_id, question_id, yes, no, dunno, probably_yes, probably_no) values (7, 1, 100, 0, 0, 0, 0);    
insert into knowledge_base (celebrity_id, question_id, yes, no, dunno, probably_yes, probably_no) values (14, 1, 100, 0, 0, 0, 0);   
insert into knowledge_base (celebrity_id, question_id, yes, no, dunno, probably_yes, probably_no) values (15, 1, 100, 0, 0, 0, 0);   
insert into knowledge_base (celebrity_id, question_id, yes, no, dunno, probably_yes, probably_no) values (1, 1, 0, 100, 0, 0, 0);    
insert into knowledge_base (celebrity_id, question_id, yes, no, dunno, probably_yes, probably_no) values (2, 1, 0, 100, 0, 0, 0);    
insert into knowledge_base (celebrity_id, question_id, yes, no, dunno, probably_yes, probably_no) values (3, 1, 0, 100, 0, 0, 0);    
insert into knowledge_base (celebrity_id, question_id, yes, no, dunno, probably_yes, probably_no) values (5, 1, 0, 100, 0, 0, 0);    
insert into knowledge_base (celebrity_id, question_id, yes, no, dunno, probably_yes, probably_no) values (8, 1, 0, 100, 0, 0, 0);    
insert into knowledge_base (celebrity_id, question_id, yes, no, dunno, probably_yes, probably_no) values (9, 1, 0, 100, 0, 0, 0);    
insert into knowledge_base (celebrity_id, question_id, yes, no, dunno, probably_yes, probably_no) values (10, 1, 0, 100, 0, 0, 0);   
insert into knowledge_base (celebrity_id, question_id, yes, no, dunno, probably_yes, probably_no) values (11, 1, 0, 100, 0, 0, 0);   
insert into knowledge_base (celebrity_id, question_id, yes, no, dunno, probably_yes, probably_no) values (12, 1, 0, 100, 0, 0, 0);   
insert into knowledge_base (celebrity_id, question_id, yes, no, dunno, probably_yes, probably_no) values (13, 1, 0, 100, 0, 0, 0);   
insert into knowledge_base (celebrity_id, question_id, yes, no, dunno, probably_yes, probably_no) values (16, 1, 0, 100, 0, 0, 0);   
insert into knowledge_base (celebrity_id, question_id, yes, no, dunno, probably_yes, probably_no) values (17, 1, 0, 100, 0, 0, 0);   
insert into knowledge_base (celebrity_id, question_id, yes, no, dunno, probably_yes, probably_no) values (18, 1, 0, 100, 0, 0, 0);   
insert into knowledge_base (celebrity_id, question_id, yes, no, dunno, probably_yes, probably_no) values (19, 1, 0, 100, 0, 0, 0);   
insert into knowledge_base (celebrity_id, question_id, yes, no, dunno, probably_yes, probably_no) values (20, 1, 0, 100, 0, 0, 0);   
insert into knowledge_base (celebrity_id, question_id, yes, no, dunno, probably_yes, probably_no) values (21, 1, 0, 100, 0, 0, 0);   
insert into knowledge_base (celebrity_id, question_id, yes, no, dunno, probably_yes, probably_no) values (22, 1, 0, 100, 0, 0, 0);   
insert into knowledge_base (celebrity_id, question_id, yes, no, dunno, probably_yes, probably_no) values (23, 1, 0, 100, 0, 0, 0);   
insert into knowledge_base (celebrity_id, question_id, yes, no, dunno, probably_yes, probably_no) values (2, 2, 100, 0, 0, 0, 0);    
insert into knowledge_base (celebrity_id, question_id, yes, no, dunno, probably_yes, probably_no) values (11, 2, 100, 0, 0, 0, 0);   
insert into knowledge_base (celebrity_id, question_id, yes, no, dunno, probably_yes, probably_no) values (12, 2, 100, 0, 0, 0, 0);   
insert into knowledge_base (celebrity_id, question_id, yes, no, dunno, probably_yes, probably_no) values (13, 2, 100, 0, 0, 0, 0);   
insert into knowledge_base (celebrity_id, question_id, yes, no, dunno, probably_yes, probably_no) values (21, 2, 100, 0, 0, 0, 0);   
insert into knowledge_base (celebrity_id, question_id, yes, no, dunno, probably_yes, probably_no) values (22, 2, 100, 0, 0, 0, 0);   
insert into knowledge_base (celebrity_id, question_id, yes, no, dunno, probably_yes, probably_no) values (1, 2, 0, 100, 0, 0, 0);    
insert into knowledge_base (celebrity_id, question_id, yes, no, dunno, probably_yes, probably_no) values (3, 2, 0, 100, 0, 0, 0);    
insert into knowledge_base (celebrity_id, question_id, yes, no, dunno, probably_yes, probably_no) values (4, 2, 0, 100, 0, 0, 0);    
insert into knowledge_base (celebrity_id, question_id, yes, no, dunno, probably_yes, probably_no) values (5, 2, 0, 100, 0, 0, 0);    
insert into knowledge_base (celebrity_id, question_id, yes, no, dunno, probably_yes, probably_no) values (8, 2, 0, 100, 0, 0, 0);    
insert into knowledge_base (celebrity_id, question_id, yes, no, dunno, probably_yes, probably_no) values (9, 2, 0, 100, 0, 0, 0);    
insert into knowledge_base (celebrity_id, question_id, yes, no, dunno, probably_yes, probably_no) values (10, 2, 0, 100, 0, 0, 0);   
insert into knowledge_base (celebrity_id, question_id, yes, no, dunno, probably_yes, probably_no) values (14, 2, 0, 100, 0, 0, 0);   
insert into knowledge_base (celebrity_id, question_id, yes, no, dunno, probably_yes, probably_no) values (15, 2, 0, 100, 0, 0, 0);   
insert into knowledge_base (celebrity_id, question_id, yes, no, dunno, probably_yes, probably_no) values (16, 2, 0, 100, 0, 0, 0);   
insert into knowledge_base (celebrity_id, question_id, yes, no, dunno, probably_yes, probably_no) values (17, 2, 0, 100, 0, 0, 0);   
insert into knowledge_base (celebrity_id, question_id, yes, no, dunno, probably_yes, probably_no) values (18, 2, 0, 100, 0, 0, 0);   
insert into knowledge_base (celebrity_id, question_id, yes, no, dunno, probably_yes, probably_no) values (19, 2, 0, 100, 0, 0, 0);   
insert into knowledge_base (celebrity_id, question_id, yes, no, dunno, probably_yes, probably_no) values (20, 2, 0, 100, 0, 0, 0);   
insert into knowledge_base (celebrity_id, question_id, yes, no, dunno, probably_yes, probably_no) values (23, 2, 0, 100, 0, 0, 0);   
insert into knowledge_base (celebrity_id, question_id, yes, no, dunno, probably_yes, probably_no) values (6, 2, 0, 70, 20, 10, 0);   
insert into knowledge_base (celebrity_id, question_id, yes, no, dunno, probably_yes, probably_no) values (7, 2, 0, 70, 20, 10, 0);   
insert into knowledge_base (celebrity_id, question_id, yes, no, dunno, probably_yes, probably_no) values (1, 3, 100, 0, 0, 0, 0);    
insert into knowledge_base (celebrity_id, question_id, yes, no, dunno, probably_yes, probably_no) values (2, 3, 100, 0, 0, 0, 0);    
insert into knowledge_base (celebrity_id, question_id, yes, no, dunno, probably_yes, probably_no) values (3, 3, 100, 0, 0, 0, 0);    
insert into knowledge_base (celebrity_id, question_id, yes, no, dunno, probably_yes, probably_no) values (5, 3, 100, 0, 0, 0, 0);    
insert into knowledge_base (celebrity_id, question_id, yes, no, dunno, probably_yes, probably_no) values (8, 3, 100, 0, 0, 0, 0);    
insert into knowledge_base (celebrity_id, question_id, yes, no, dunno, probably_yes, probably_no) values (9, 3, 100, 0, 0, 0, 0);    
insert into knowledge_base (celebrity_id, question_id, yes, no, dunno, probably_yes, probably_no) values (10, 3, 100, 0, 0, 0, 0);   
insert into knowledge_base (celebrity_id, question_id, yes, no, dunno, probably_yes, probably_no) values (11, 3, 100, 0, 0, 0, 0);   
insert into knowledge_base (celebrity_id, question_id, yes, no, dunno, probably_yes, probably_no) values (12, 3, 100, 0, 0, 0, 0);   
insert into knowledge_base (celebrity_id, question_id, yes, no, dunno, probably_yes, probably_no) values (13, 3, 100, 0, 0, 0, 0);   
insert into knowledge_base (celebrity_id, question_id, yes, no, dunno, probably_yes, probably_no) values (14, 3, 100, 0, 0, 0, 0);   
insert into knowledge_base (celebrity_id, question_id, yes, no, dunno, probably_yes, probably_no) values (15, 3, 100, 0, 0, 0, 0);   
insert into knowledge_base (celebrity_id, question_id, yes, no, dunno, probably_yes, probably_no) values (16, 3, 100, 0, 0, 0, 0);   
insert into knowledge_base (celebrity_id, question_id, yes, no, dunno, probably_yes, probably_no) values (17, 3, 100, 0, 0, 0, 0);   
insert into knowledge_base (celebrity_id, question_id, yes, no, dunno, probably_yes, probably_no) values (18, 3, 100, 0, 0, 0, 0);   
insert into knowledge_base (celebrity_id, question_id, yes, no, dunno, probably_yes, probably_no) values (19, 3, 100, 0, 0, 0, 0);   
insert into knowledge_base (celebrity_id, question_id, yes, no, dunno, probably_yes, probably_no) values (20, 3, 100, 0, 0, 0, 0);   
insert into knowledge_base (celebrity_id, question_id, yes, no, dunno, probably_yes, probably_no) values (21, 3, 100, 0, 0, 0, 0);   
insert into knowledge_base (celebrity_id, question_id, yes, no, dunno, probably_yes, probably_no) values (22, 3, 100, 0, 0, 0, 0);   
insert into knowledge_base (celebrity_id, question_id, yes, no, dunno, probably_yes, probably_no) values (23, 3, 100, 0, 0, 0, 0);   
insert into knowledge_base (celebrity_id, question_id, yes, no, dunno, probably_yes, probably_no) values (4, 3, 0, 100, 0, 0, 0);    
insert into knowledge_base (celebrity_id, question_id, yes, no, dunno, probably_yes, probably_no) values (6, 3, 0, 100, 0, 0, 0);    
insert into knowledge_base (celebrity_id, question_id, yes, no, dunno, probably_yes, probably_no) values (7, 3, 3, 97, 0, 0, 0);     
insert into knowledge_base (celebrity_id, question_id, yes, no, dunno, probably_yes, probably_no) values (2, 4, 100, 0, 0, 0, 0);    
insert into knowledge_base (celebrity_id, question_id, yes, no, dunno, probably_yes, probably_no) values (5, 4, 100, 0, 0, 0, 0);    
insert into knowledge_base (celebrity_id, question_id, yes, no, dunno, probably_yes, probably_no) values (9, 4, 100, 0, 0, 0, 0);    
insert into knowledge_base (celebrity_id, question_id, yes, no, dunno, probably_yes, probably_no) values (10, 4, 100, 0, 0, 0, 0);   
insert into knowledge_base (celebrity_id, question_id, yes, no, dunno, probably_yes, probably_no) values (17, 4, 100, 0, 0, 0, 0);   
insert into knowledge_base (celebrity_id, question_id, yes, no, dunno, probably_yes, probably_no) values (18, 4, 100, 0, 0, 0, 0);   
insert into knowledge_base (celebrity_id, question_id, yes, no, dunno, probably_yes, probably_no) values (20, 4, 100, 0, 0, 0, 0);   
insert into knowledge_base (celebrity_id, question_id, yes, no, dunno, probably_yes, probably_no) values (21, 4, 100, 0, 0, 0, 0);   
insert into knowledge_base (celebrity_id, question_id, yes, no, dunno, probably_yes, probably_no) values (1, 4, 0, 100, 0, 0, 0);    
insert into knowledge_base (celebrity_id, question_id, yes, no, dunno, probably_yes, probably_no) values (3, 4, 0, 100, 0, 0, 0);    
insert into knowledge_base (celebrity_id, question_id, yes, no, dunno, probably_yes, probably_no) values (4, 4, 0, 100, 0, 0, 0);    
insert into knowledge_base (celebrity_id, question_id, yes, no, dunno, probably_yes, probably_no) values (7, 4, 0, 100, 0, 0, 0);    
insert into knowledge_base (celebrity_id, question_id, yes, no, dunno, probably_yes, probably_no) values (8, 4, 0, 100, 0, 0, 0);    
insert into knowledge_base (celebrity_id, question_id, yes, no, dunno, probably_yes, probably_no) values (11, 4, 0, 100, 0, 0, 0);   
insert into knowledge_base (celebrity_id, question_id, yes, no, dunno, probably_yes, probably_no) values (12, 4, 0, 100, 0, 0, 0);   
insert into knowledge_base (celebrity_id, question_id, yes, no, dunno, probably_yes, probably_no) values (13, 4, 0, 100, 0, 0, 0);   
insert into knowledge_base (celebrity_id, question_id, yes, no, dunno, probably_yes, probably_no) values (15, 4, 0, 100, 0, 0, 0);   
insert into knowledge_base (celebrity_id, question_id, yes, no, dunno, probably_yes, probably_no) values (16, 4, 0, 100, 0, 0, 0);   
insert into knowledge_base (celebrity_id, question_id, yes, no, dunno, probably_yes, probably_no) values (22, 4, 0, 100, 0, 0, 0);   
insert into knowledge_base (celebrity_id, question_id, yes, no, dunno, probably_yes, probably_no) values (23, 4, 0, 100, 0, 0, 0);   
insert into knowledge_base (celebrity_id, question_id, yes, no, dunno, probably_yes, probably_no) values (14, 4, 30, 50, 20, 0, 0);  
insert into knowledge_base (celebrity_id, question_id, yes, no, dunno, probably_yes, probably_no) values (19, 4, 70, 5, 15, 5, 5);   
insert into knowledge_base (celebrity_id, question_id, yes, no, dunno, probably_yes, probably_no) values (6, 4, 20, 10, 70, 0, 0);   
insert into knowledge_base (celebrity_id, question_id, yes, no, dunno, probably_yes, probably_no) values (2, 5, 100, 0, 0, 0, 0);    
insert into knowledge_base (celebrity_id, question_id, yes, no, dunno, probably_yes, probably_no) values (3, 5, 100, 0, 0, 0, 0);    
insert into knowledge_base (celebrity_id, question_id, yes, no, dunno, probably_yes, probably_no) values (4, 5, 100, 0, 0, 0, 0);    
insert into knowledge_base (celebrity_id, question_id, yes, no, dunno, probably_yes, probably_no) values (6, 5, 100, 0, 0, 0, 0);    
insert into knowledge_base (celebrity_id, question_id, yes, no, dunno, probably_yes, probably_no) values (7, 5, 100, 0, 0, 0, 0);    
insert into knowledge_base (celebrity_id, question_id, yes, no, dunno, probably_yes, probably_no) values (11, 5, 100, 0, 0, 0, 0);   
insert into knowledge_base (celebrity_id, question_id, yes, no, dunno, probably_yes, probably_no) values (12, 5, 100, 0, 0, 0, 0);   
insert into knowledge_base (celebrity_id, question_id, yes, no, dunno, probably_yes, probably_no) values (15, 5, 100, 0, 0, 0, 0);   
insert into knowledge_base (celebrity_id, question_id, yes, no, dunno, probably_yes, probably_no) values (16, 5, 100, 0, 0, 0, 0);   
insert into knowledge_base (celebrity_id, question_id, yes, no, dunno, probably_yes, probably_no) values (1, 5, 0, 100, 0, 0, 0);    
insert into knowledge_base (celebrity_id, question_id, yes, no, dunno, probably_yes, probably_no) values (5, 5, 0, 100, 0, 0, 0);    
insert into knowledge_base (celebrity_id, question_id, yes, no, dunno, probably_yes, probably_no) values (8, 5, 0, 100, 0, 0, 0);    
insert into knowledge_base (celebrity_id, question_id, yes, no, dunno, probably_yes, probably_no) values (9, 5, 0, 100, 0, 0, 0);    
insert into knowledge_base (celebrity_id, question_id, yes, no, dunno, probably_yes, probably_no) values (10, 5, 0, 100, 0, 0, 0);   
insert into knowledge_base (celebrity_id, question_id, yes, no, dunno, probably_yes, probably_no) values (17, 5, 0, 100, 0, 0, 0);   
insert into knowledge_base (celebrity_id, question_id, yes, no, dunno, probably_yes, probably_no) values (18, 5, 0, 100, 0, 0, 0);   
insert into knowledge_base (celebrity_id, question_id, yes, no, dunno, probably_yes, probably_no) values (19, 5, 0, 100, 0, 0, 0);   
insert into knowledge_base (celebrity_id, question_id, yes, no, dunno, probably_yes, probably_no) values (20, 5, 0, 100, 0, 0, 0);   
insert into knowledge_base (celebrity_id, question_id, yes, no, dunno, probably_yes, probably_no) values (21, 5, 0, 100, 0, 0, 0);   
insert into knowledge_base (celebrity_id, question_id, yes, no, dunno, probably_yes, probably_no) values (23, 5, 0, 100, 0, 0, 0);   
insert into knowledge_base (celebrity_id, question_id, yes, no, dunno, probably_yes, probably_no) values (14, 5, 90, 10, 0, 0, 0);   
insert into knowledge_base (celebrity_id, question_id, yes, no, dunno, probably_yes, probably_no) values (13, 5, 70, 0, 0, 30, 0);   
insert into knowledge_base (celebrity_id, question_id, yes, no, dunno, probably_yes, probably_no) values (22, 5, 0, 20, 0, 10, 70);  
insert into knowledge_base (celebrity_id, question_id, yes, no, dunno, probably_yes, probably_no) values (13, 6, 100, 0, 0, 0, 0);   
insert into knowledge_base (celebrity_id, question_id, yes, no, dunno, probably_yes, probably_no) values (22, 6, 100, 0, 0, 0, 0);   
insert into knowledge_base (celebrity_id, question_id, yes, no, dunno, probably_yes, probably_no) values (1, 6, 0, 100, 0, 0, 0);    
insert into knowledge_base (celebrity_id, question_id, yes, no, dunno, probably_yes, probably_no) values (2, 6, 0, 100, 0, 0, 0);    
insert into knowledge_base (celebrity_id, question_id, yes, no, dunno, probably_yes, probably_no) values (3, 6, 0, 100, 0, 0, 0);    
insert into knowledge_base (celebrity_id, question_id, yes, no, dunno, probably_yes, probably_no) values (4, 6, 0, 100, 0, 0, 0);    
insert into knowledge_base (celebrity_id, question_id, yes, no, dunno, probably_yes, probably_no) values (5, 6, 0, 100, 0, 0, 0);    
insert into knowledge_base (celebrity_id, question_id, yes, no, dunno, probably_yes, probably_no) values (6, 6, 0, 100, 0, 0, 0);    
insert into knowledge_base (celebrity_id, question_id, yes, no, dunno, probably_yes, probably_no) values (7, 6, 0, 100, 0, 0, 0);    
insert into knowledge_base (celebrity_id, question_id, yes, no, dunno, probably_yes, probably_no) values (8, 6, 0, 100, 0, 0, 0);    
insert into knowledge_base (celebrity_id, question_id, yes, no, dunno, probably_yes, probably_no) values (9, 6, 0, 100, 0, 0, 0);    
insert into knowledge_base (celebrity_id, question_id, yes, no, dunno, probably_yes, probably_no) values (10, 6, 0, 100, 0, 0, 0);   
insert into knowledge_base (celebrity_id, question_id, yes, no, dunno, probably_yes, probably_no) values (11, 6, 0, 100, 0, 0, 0);   
insert into knowledge_base (celebrity_id, question_id, yes, no, dunno, probably_yes, probably_no) values (12, 6, 0, 100, 0, 0, 0);   
insert into knowledge_base (celebrity_id, question_id, yes, no, dunno, probably_yes, probably_no) values (14, 6, 0, 100, 0, 0, 0);   
insert into knowledge_base (celebrity_id, question_id, yes, no, dunno, probably_yes, probably_no) values (15, 6, 0, 100, 0, 0, 0);   
insert into knowledge_base (celebrity_id, question_id, yes, no, dunno, probably_yes, probably_no) values (16, 6, 0, 100, 0, 0, 0);   
insert into knowledge_base (celebrity_id, question_id, yes, no, dunno, probably_yes, probably_no) values (17, 6, 0, 100, 0, 0, 0);   
insert into knowledge_base (celebrity_id, question_id, yes, no, dunno, probably_yes, probably_no) values (18, 6, 0, 100, 0, 0, 0);   
insert into knowledge_base (celebrity_id, question_id, yes, no, dunno, probably_yes, probably_no) values (19, 6, 0, 100, 0, 0, 0);   
insert into knowledge_base (celebrity_id, question_id, yes, no, dunno, probably_yes, probably_no) values (20, 6, 0, 100, 0, 0, 0);   
insert into knowledge_base (celebrity_id, question_id, yes, no, dunno, probably_yes, probably_no) values (21, 6, 0, 100, 0, 0, 0);   
insert into knowledge_base (celebrity_id, question_id, yes, no, dunno, probably_yes, probably_no) values (23, 6, 0, 100, 0, 0, 0);   
insert into knowledge_base (celebrity_id, question_id, yes, no, dunno, probably_yes, probably_no) values (5, 7, 100, 0, 0, 0, 0);    
insert into knowledge_base (celebrity_id, question_id, yes, no, dunno, probably_yes, probably_no) values (18, 7, 100, 0, 0, 0, 0);   
insert into knowledge_base (celebrity_id, question_id, yes, no, dunno, probably_yes, probably_no) values (19, 7, 100, 0, 0, 0, 0);   
insert into knowledge_base (celebrity_id, question_id, yes, no, dunno, probably_yes, probably_no) values (20, 7, 100, 0, 0, 0, 0);   
insert into knowledge_base (celebrity_id, question_id, yes, no, dunno, probably_yes, probably_no) values (21, 7, 100, 0, 0, 0, 0);   
insert into knowledge_base (celebrity_id, question_id, yes, no, dunno, probably_yes, probably_no) values (1, 7, 0, 100, 0, 0, 0);    
insert into knowledge_base (celebrity_id, question_id, yes, no, dunno, probably_yes, probably_no) values (2, 7, 0, 100, 0, 0, 0);    
insert into knowledge_base (celebrity_id, question_id, yes, no, dunno, probably_yes, probably_no) values (3, 7, 0, 100, 0, 0, 0);    
insert into knowledge_base (celebrity_id, question_id, yes, no, dunno, probably_yes, probably_no) values (4, 7, 0, 100, 0, 0, 0);    
insert into knowledge_base (celebrity_id, question_id, yes, no, dunno, probably_yes, probably_no) values (6, 7, 0, 100, 0, 0, 0);    
insert into knowledge_base (celebrity_id, question_id, yes, no, dunno, probably_yes, probably_no) values (8, 7, 0, 100, 0, 0, 0);    
insert into knowledge_base (celebrity_id, question_id, yes, no, dunno, probably_yes, probably_no) values (9, 7, 0, 100, 0, 0, 0);    
insert into knowledge_base (celebrity_id, question_id, yes, no, dunno, probably_yes, probably_no) values (11, 7, 0, 100, 0, 0, 0);   
insert into knowledge_base (celebrity_id, question_id, yes, no, dunno, probably_yes, probably_no) values (12, 7, 0, 100, 0, 0, 0);   
insert into knowledge_base (celebrity_id, question_id, yes, no, dunno, probably_yes, probably_no) values (13, 7, 0, 100, 0, 0, 0);   
insert into knowledge_base (celebrity_id, question_id, yes, no, dunno, probably_yes, probably_no) values (15, 7, 0, 100, 0, 0, 0);   
insert into knowledge_base (celebrity_id, question_id, yes, no, dunno, probably_yes, probably_no) values (16, 7, 0, 100, 0, 0, 0);   
insert into knowledge_base (celebrity_id, question_id, yes, no, dunno, probably_yes, probably_no) values (17, 7, 0, 100, 0, 0, 0);   
insert into knowledge_base (celebrity_id, question_id, yes, no, dunno, probably_yes, probably_no) values (22, 7, 0, 100, 0, 0, 0);   
insert into knowledge_base (celebrity_id, question_id, yes, no, dunno, probably_yes, probably_no) values (7, 7, 30, 30, 30, 10, 0);  
insert into knowledge_base (celebrity_id, question_id, yes, no, dunno, probably_yes, probably_no) values (10, 7, 70, 20, 0, 10, 0);  
insert into knowledge_base (celebrity_id, question_id, yes, no, dunno, probably_yes, probably_no) values (14, 7, 10, 80, 10, 0, 0);  
insert into knowledge_base (celebrity_id, question_id, yes, no, dunno, probably_yes, probably_no) values (23, 7, 10, 80, 10, 0, 0);  
insert into knowledge_base (celebrity_id, question_id, yes, no, dunno, probably_yes, probably_no) values (1, 8, 0, 100, 0, 0, 0);    
insert into knowledge_base (celebrity_id, question_id, yes, no, dunno, probably_yes, probably_no) values (2, 8, 0, 100, 0, 0, 0);    
insert into knowledge_base (celebrity_id, question_id, yes, no, dunno, probably_yes, probably_no) values (3, 8, 0, 100, 0, 0, 0);    
insert into knowledge_base (celebrity_id, question_id, yes, no, dunno, probably_yes, probably_no) values (4, 8, 0, 100, 0, 0, 0);    
insert into knowledge_base (celebrity_id, question_id, yes, no, dunno, probably_yes, probably_no) values (5, 8, 0, 100, 0, 0, 0);    
insert into knowledge_base (celebrity_id, question_id, yes, no, dunno, probably_yes, probably_no) values (6, 8, 0, 100, 0, 0, 0);    
insert into knowledge_base (celebrity_id, question_id, yes, no, dunno, probably_yes, probably_no) values (7, 8, 0, 100, 0, 0, 0);    
insert into knowledge_base (celebrity_id, question_id, yes, no, dunno, probably_yes, probably_no) values (8, 8, 0, 100, 0, 0, 0);    
insert into knowledge_base (celebrity_id, question_id, yes, no, dunno, probably_yes, probably_no) values (9, 8, 0, 100, 0, 0, 0);    
insert into knowledge_base (celebrity_id, question_id, yes, no, dunno, probably_yes, probably_no) values (10, 8, 0, 100, 0, 0, 0);   
insert into knowledge_base (celebrity_id, question_id, yes, no, dunno, probably_yes, probably_no) values (11, 8, 0, 100, 0, 0, 0);   
insert into knowledge_base (celebrity_id, question_id, yes, no, dunno, probably_yes, probably_no) values (12, 8, 0, 100, 0, 0, 0);   
insert into knowledge_base (celebrity_id, question_id, yes, no, dunno, probably_yes, probably_no) values (13, 8, 0, 100, 0, 0, 0);   
insert into knowledge_base (celebrity_id, question_id, yes, no, dunno, probably_yes, probably_no) values (14, 8, 0, 100, 0, 0, 0);   
insert into knowledge_base (celebrity_id, question_id, yes, no, dunno, probably_yes, probably_no) values (15, 8, 0, 100, 0, 0, 0);   
insert into knowledge_base (celebrity_id, question_id, yes, no, dunno, probably_yes, probably_no) values (16, 8, 0, 100, 0, 0, 0);   
insert into knowledge_base (celebrity_id, question_id, yes, no, dunno, probably_yes, probably_no) values (17, 8, 0, 100, 0, 0, 0);   
insert into knowledge_base (celebrity_id, question_id, yes, no, dunno, probably_yes, probably_no) values (18, 8, 0, 100, 0, 0, 0);   
insert into knowledge_base (celebrity_id, question_id, yes, no, dunno, probably_yes, probably_no) values (19, 8, 0, 100, 0, 0, 0);   
insert into knowledge_base (celebrity_id, question_id, yes, no, dunno, probably_yes, probably_no) values (20, 8, 0, 100, 0, 0, 0);   
insert into knowledge_base (celebrity_id, question_id, yes, no, dunno, probably_yes, probably_no) values (21, 8, 0, 100, 0, 0, 0);   
insert into knowledge_base (celebrity_id, question_id, yes, no, dunno, probably_yes, probably_no) values (22, 8, 0, 100, 0, 0, 0);   
insert into knowledge_base (celebrity_id, question_id, yes, no, dunno, probably_yes, probably_no) values (23, 8, 0, 100, 0, 0, 0);   
insert into knowledge_base (celebrity_id, question_id, yes, no, dunno, probably_yes, probably_no) values (1, 9, 0, 100, 0, 0, 0);    
insert into knowledge_base (celebrity_id, question_id, yes, no, dunno, probably_yes, probably_no) values (2, 9, 0, 100, 0, 0, 0);    
insert into knowledge_base (celebrity_id, question_id, yes, no, dunno, probably_yes, probably_no) values (3, 9, 0, 100, 0, 0, 0);    
insert into knowledge_base (celebrity_id, question_id, yes, no, dunno, probably_yes, probably_no) values (4, 9, 0, 100, 0, 0, 0);    
insert into knowledge_base (celebrity_id, question_id, yes, no, dunno, probably_yes, probably_no) values (5, 9, 0, 100, 0, 0, 0);    
insert into knowledge_base (celebrity_id, question_id, yes, no, dunno, probably_yes, probably_no) values (6, 9, 0, 100, 0, 0, 0);    
insert into knowledge_base (celebrity_id, question_id, yes, no, dunno, probably_yes, probably_no) values (7, 9, 0, 100, 0, 0, 0);    
insert into knowledge_base (celebrity_id, question_id, yes, no, dunno, probably_yes, probably_no) values (8, 9, 0, 100, 0, 0, 0);    
insert into knowledge_base (celebrity_id, question_id, yes, no, dunno, probably_yes, probably_no) values (9, 9, 0, 100, 0, 0, 0);    
insert into knowledge_base (celebrity_id, question_id, yes, no, dunno, probably_yes, probably_no) values (10, 9, 0, 100, 0, 0, 0);   
insert into knowledge_base (celebrity_id, question_id, yes, no, dunno, probably_yes, probably_no) values (11, 9, 0, 100, 0, 0, 0);   
insert into knowledge_base (celebrity_id, question_id, yes, no, dunno, probably_yes, probably_no) values (12, 9, 0, 100, 0, 0, 0);   
insert into knowledge_base (celebrity_id, question_id, yes, no, dunno, probably_yes, probably_no) values (13, 9, 0, 100, 0, 0, 0);   
insert into knowledge_base (celebrity_id, question_id, yes, no, dunno, probably_yes, probably_no) values (14, 9, 0, 100, 0, 0, 0);   
insert into knowledge_base (celebrity_id, question_id, yes, no, dunno, probably_yes, probably_no) values (15, 9, 0, 100, 0, 0, 0);   
insert into knowledge_base (celebrity_id, question_id, yes, no, dunno, probably_yes, probably_no) values (16, 9, 0, 100, 0, 0, 0);   
insert into knowledge_base (celebrity_id, question_id, yes, no, dunno, probably_yes, probably_no) values (17, 9, 0, 100, 0, 0, 0);   
insert into knowledge_base (celebrity_id, question_id, yes, no, dunno, probably_yes, probably_no) values (18, 9, 0, 100, 0, 0, 0);   
insert into knowledge_base (celebrity_id, question_id, yes, no, dunno, probably_yes, probably_no) values (19, 9, 0, 100, 0, 0, 0);   
insert into knowledge_base (celebrity_id, question_id, yes, no, dunno, probably_yes, probably_no) values (20, 9, 0, 100, 0, 0, 0);   
insert into knowledge_base (celebrity_id, question_id, yes, no, dunno, probably_yes, probably_no) values (21, 9, 0, 100, 0, 0, 0);   
insert into knowledge_base (celebrity_id, question_id, yes, no, dunno, probably_yes, probably_no) values (22, 9, 0, 100, 0, 0, 0);   
insert into knowledge_base (celebrity_id, question_id, yes, no, dunno, probably_yes, probably_no) values (23, 9, 0, 100, 0, 0, 0);   
insert into knowledge_base (celebrity_id, question_id, yes, no, dunno, probably_yes, probably_no) values (1, 10, 0, 100, 0, 0, 0);   
insert into knowledge_base (celebrity_id, question_id, yes, no, dunno, probably_yes, probably_no) values (2, 10, 0, 100, 0, 0, 0);   
insert into knowledge_base (celebrity_id, question_id, yes, no, dunno, probably_yes, probably_no) values (3, 10, 0, 100, 0, 0, 0);   
insert into knowledge_base (celebrity_id, question_id, yes, no, dunno, probably_yes, probably_no) values (5, 10, 0, 100, 0, 0, 0);   
insert into knowledge_base (celebrity_id, question_id, yes, no, dunno, probably_yes, probably_no) values (6, 10, 0, 100, 0, 0, 0);   
insert into knowledge_base (celebrity_id, question_id, yes, no, dunno, probably_yes, probably_no) values (7, 10, 0, 100, 0, 0, 0);   
insert into knowledge_base (celebrity_id, question_id, yes, no, dunno, probably_yes, probably_no) values (8, 10, 0, 100, 0, 0, 0);   
insert into knowledge_base (celebrity_id, question_id, yes, no, dunno, probably_yes, probably_no) values (9, 10, 0, 100, 0, 0, 0);   
insert into knowledge_base (celebrity_id, question_id, yes, no, dunno, probably_yes, probably_no) values (10, 10, 0, 100, 0, 0, 0);  
insert into knowledge_base (celebrity_id, question_id, yes, no, dunno, probably_yes, probably_no) values (11, 10, 0, 100, 0, 0, 0);  
insert into knowledge_base (celebrity_id, question_id, yes, no, dunno, probably_yes, probably_no) values (12, 10, 0, 100, 0, 0, 0);  
insert into knowledge_base (celebrity_id, question_id, yes, no, dunno, probably_yes, probably_no) values (13, 10, 0, 100, 0, 0, 0);  
insert into knowledge_base (celebrity_id, question_id, yes, no, dunno, probably_yes, probably_no) values (14, 10, 0, 100, 0, 0, 0);  
insert into knowledge_base (celebrity_id, question_id, yes, no, dunno, probably_yes, probably_no) values (15, 10, 0, 100, 0, 0, 0);  
insert into knowledge_base (celebrity_id, question_id, yes, no, dunno, probably_yes, probably_no) values (16, 10, 0, 100, 0, 0, 0);  
insert into knowledge_base (celebrity_id, question_id, yes, no, dunno, probably_yes, probably_no) values (17, 10, 0, 100, 0, 0, 0);  
insert into knowledge_base (celebrity_id, question_id, yes, no, dunno, probably_yes, probably_no) values (18, 10, 0, 100, 0, 0, 0);  
insert into knowledge_base (celebrity_id, question_id, yes, no, dunno, probably_yes, probably_no) values (19, 10, 0, 100, 0, 0, 0);  
insert into knowledge_base (celebrity_id, question_id, yes, no, dunno, probably_yes, probably_no) values (20, 10, 0, 100, 0, 0, 0);  
insert into knowledge_base (celebrity_id, question_id, yes, no, dunno, probably_yes, probably_no) values (21, 10, 0, 100, 0, 0, 0);  
insert into knowledge_base (celebrity_id, question_id, yes, no, dunno, probably_yes, probably_no) values (22, 10, 0, 100, 0, 0, 0);  
insert into knowledge_base (celebrity_id, question_id, yes, no, dunno, probably_yes, probably_no) values (4, 10, 30, 50, 10, 10, 0); 
insert into knowledge_base (celebrity_id, question_id, yes, no, dunno, probably_yes, probably_no) values (23, 10, 5, 95, 0, 0, 0);   
insert into knowledge_base (celebrity_id, question_id, yes, no, dunno, probably_yes, probably_no) values (1, 11, 100, 0, 0, 0, 0);   
insert into knowledge_base (celebrity_id, question_id, yes, no, dunno, probably_yes, probably_no) values (2, 11, 0, 100, 0, 0, 0);   
insert into knowledge_base (celebrity_id, question_id, yes, no, dunno, probably_yes, probably_no) values (3, 11, 0, 100, 0, 0, 0);   
insert into knowledge_base (celebrity_id, question_id, yes, no, dunno, probably_yes, probably_no) values (4, 11, 0, 100, 0, 0, 0);   
insert into knowledge_base (celebrity_id, question_id, yes, no, dunno, probably_yes, probably_no) values (5, 11, 0, 100, 0, 0, 0);   
insert into knowledge_base (celebrity_id, question_id, yes, no, dunno, probably_yes, probably_no) values (6, 11, 0, 100, 0, 0, 0);   
insert into knowledge_base (celebrity_id, question_id, yes, no, dunno, probably_yes, probably_no) values (7, 11, 0, 100, 0, 0, 0);   
insert into knowledge_base (celebrity_id, question_id, yes, no, dunno, probably_yes, probably_no) values (8, 11, 0, 100, 0, 0, 0);   
insert into knowledge_base (celebrity_id, question_id, yes, no, dunno, probably_yes, probably_no) values (9, 11, 0, 100, 0, 0, 0);   
insert into knowledge_base (celebrity_id, question_id, yes, no, dunno, probably_yes, probably_no) values (10, 11, 0, 100, 0, 0, 0);  
insert into knowledge_base (celebrity_id, question_id, yes, no, dunno, probably_yes, probably_no) values (11, 11, 0, 100, 0, 0, 0);  
insert into knowledge_base (celebrity_id, question_id, yes, no, dunno, probably_yes, probably_no) values (12, 11, 0, 100, 0, 0, 0);  
insert into knowledge_base (celebrity_id, question_id, yes, no, dunno, probably_yes, probably_no) values (13, 11, 0, 100, 0, 0, 0);  
insert into knowledge_base (celebrity_id, question_id, yes, no, dunno, probably_yes, probably_no) values (14, 11, 0, 100, 0, 0, 0);  
insert into knowledge_base (celebrity_id, question_id, yes, no, dunno, probably_yes, probably_no) values (15, 11, 0, 100, 0, 0, 0);  
insert into knowledge_base (celebrity_id, question_id, yes, no, dunno, probably_yes, probably_no) values (16, 11, 0, 100, 0, 0, 0);  
insert into knowledge_base (celebrity_id, question_id, yes, no, dunno, probably_yes, probably_no) values (17, 11, 0, 100, 0, 0, 0);  
insert into knowledge_base (celebrity_id, question_id, yes, no, dunno, probably_yes, probably_no) values (19, 11, 0, 100, 0, 0, 0);  
insert into knowledge_base (celebrity_id, question_id, yes, no, dunno, probably_yes, probably_no) values (20, 11, 0, 100, 0, 0, 0);  
insert into knowledge_base (celebrity_id, question_id, yes, no, dunno, probably_yes, probably_no) values (21, 11, 0, 100, 0, 0, 0);  
insert into knowledge_base (celebrity_id, question_id, yes, no, dunno, probably_yes, probably_no) values (22, 11, 0, 100, 0, 0, 0);  
insert into knowledge_base (celebrity_id, question_id, yes, no, dunno, probably_yes, probably_no) values (23, 11, 0, 100, 0, 0, 0);  
insert into knowledge_base (celebrity_id, question_id, yes, no, dunno, probably_yes, probably_no) values (18, 11, 5, 90, 5, 0, 0);   
insert into knowledge_base (celebrity_id, question_id, yes, no, dunno, probably_yes, probably_no) values (2, 12, 100, 0, 0, 0, 0);   
insert into knowledge_base (celebrity_id, question_id, yes, no, dunno, probably_yes, probably_no) values (5, 12, 100, 0, 0, 0, 0);   
insert into knowledge_base (celebrity_id, question_id, yes, no, dunno, probably_yes, probably_no) values (8, 12, 100, 0, 0, 0, 0);   
insert into knowledge_base (celebrity_id, question_id, yes, no, dunno, probably_yes, probably_no) values (9, 12, 100, 0, 0, 0, 0);   
insert into knowledge_base (celebrity_id, question_id, yes, no, dunno, probably_yes, probably_no) values (10, 12, 100, 0, 0, 0, 0);  
insert into knowledge_base (celebrity_id, question_id, yes, no, dunno, probably_yes, probably_no) values (14, 12, 100, 0, 0, 0, 0);  
insert into knowledge_base (celebrity_id, question_id, yes, no, dunno, probably_yes, probably_no) values (15, 12, 100, 0, 0, 0, 0);  
insert into knowledge_base (celebrity_id, question_id, yes, no, dunno, probably_yes, probably_no) values (16, 12, 100, 0, 0, 0, 0);  
insert into knowledge_base (celebrity_id, question_id, yes, no, dunno, probably_yes, probably_no) values (17, 12, 100, 0, 0, 0, 0);  
insert into knowledge_base (celebrity_id, question_id, yes, no, dunno, probably_yes, probably_no) values (18, 12, 100, 0, 0, 0, 0);  
insert into knowledge_base (celebrity_id, question_id, yes, no, dunno, probably_yes, probably_no) values (19, 12, 100, 0, 0, 0, 0);  
insert into knowledge_base (celebrity_id, question_id, yes, no, dunno, probably_yes, probably_no) values (20, 12, 100, 0, 0, 0, 0);  
insert into knowledge_base (celebrity_id, question_id, yes, no, dunno, probably_yes, probably_no) values (21, 12, 100, 0, 0, 0, 0);  
insert into knowledge_base (celebrity_id, question_id, yes, no, dunno, probably_yes, probably_no) values (22, 12, 100, 0, 0, 0, 0);  
insert into knowledge_base (celebrity_id, question_id, yes, no, dunno, probably_yes, probably_no) values (1, 12, 0, 100, 0, 0, 0);   
insert into knowledge_base (celebrity_id, question_id, yes, no, dunno, probably_yes, probably_no) values (3, 12, 0, 100, 0, 0, 0);   
insert into knowledge_base (celebrity_id, question_id, yes, no, dunno, probably_yes, probably_no) values (6, 12, 0, 100, 0, 0, 0);   
insert into knowledge_base (celebrity_id, question_id, yes, no, dunno, probably_yes, probably_no) values (7, 12, 0, 100, 0, 0, 0);   
insert into knowledge_base (celebrity_id, question_id, yes, no, dunno, probably_yes, probably_no) values (11, 12, 0, 100, 0, 0, 0);  
insert into knowledge_base (celebrity_id, question_id, yes, no, dunno, probably_yes, probably_no) values (12, 12, 0, 100, 0, 0, 0);  
insert into knowledge_base (celebrity_id, question_id, yes, no, dunno, probably_yes, probably_no) values (13, 12, 0, 100, 0, 0, 0);  
insert into knowledge_base (celebrity_id, question_id, yes, no, dunno, probably_yes, probably_no) values (23, 12, 0, 100, 0, 0, 0);  
insert into knowledge_base (celebrity_id, question_id, yes, no, dunno, probably_yes, probably_no) values (4, 12, 0, 80, 10, 0, 10);  
insert into knowledge_base (celebrity_id, question_id, yes, no, dunno, probably_yes, probably_no) values (1, 13, 100, 0, 0, 0, 0);   
insert into knowledge_base (celebrity_id, question_id, yes, no, dunno, probably_yes, probably_no) values (23, 13, 100, 0, 0, 0, 0);  
insert into knowledge_base (celebrity_id, question_id, yes, no, dunno, probably_yes, probably_no) values (2, 13, 0, 100, 0, 0, 0);   
insert into knowledge_base (celebrity_id, question_id, yes, no, dunno, probably_yes, probably_no) values (5, 13, 0, 100, 0, 0, 0);   
insert into knowledge_base (celebrity_id, question_id, yes, no, dunno, probably_yes, probably_no) values (6, 13, 0, 100, 0, 0, 0);   
insert into knowledge_base (celebrity_id, question_id, yes, no, dunno, probably_yes, probably_no) values (7, 13, 0, 100, 0, 0, 0);   
insert into knowledge_base (celebrity_id, question_id, yes, no, dunno, probably_yes, probably_no) values (8, 13, 0, 100, 0, 0, 0);   
insert into knowledge_base (celebrity_id, question_id, yes, no, dunno, probably_yes, probably_no) values (9, 13, 0, 100, 0, 0, 0);   
insert into knowledge_base (celebrity_id, question_id, yes, no, dunno, probably_yes, probably_no) values (10, 13, 0, 100, 0, 0, 0);  
insert into knowledge_base (celebrity_id, question_id, yes, no, dunno, probably_yes, probably_no) values (14, 13, 0, 100, 0, 0, 0);  
insert into knowledge_base (celebrity_id, question_id, yes, no, dunno, probably_yes, probably_no) values (15, 13, 0, 100, 0, 0, 0);  
insert into knowledge_base (celebrity_id, question_id, yes, no, dunno, probably_yes, probably_no) values (16, 13, 0, 100, 0, 0, 0);  
insert into knowledge_base (celebrity_id, question_id, yes, no, dunno, probably_yes, probably_no) values (17, 13, 0, 100, 0, 0, 0);  
insert into knowledge_base (celebrity_id, question_id, yes, no, dunno, probably_yes, probably_no) values (18, 13, 0, 100, 0, 0, 0);  
insert into knowledge_base (celebrity_id, question_id, yes, no, dunno, probably_yes, probably_no) values (19, 13, 0, 100, 0, 0, 0);  
insert into knowledge_base (celebrity_id, question_id, yes, no, dunno, probably_yes, probably_no) values (20, 13, 0, 100, 0, 0, 0);  
insert into knowledge_base (celebrity_id, question_id, yes, no, dunno, probably_yes, probably_no) values (21, 13, 0, 100, 0, 0, 0);  
insert into knowledge_base (celebrity_id, question_id, yes, no, dunno, probably_yes, probably_no) values (22, 13, 0, 100, 0, 0, 0);  
insert into knowledge_base (celebrity_id, question_id, yes, no, dunno, probably_yes, probably_no) values (4, 13, 80, 0, 10, 10, 0);  
insert into knowledge_base (celebrity_id, question_id, yes, no, dunno, probably_yes, probably_no) values (3, 13, 75, 15, 5, 5, 0);   
insert into knowledge_base (celebrity_id, question_id, yes, no, dunno, probably_yes, probably_no) values (13, 13, 15, 80, 5, 0, 0);  
insert into knowledge_base (celebrity_id, question_id, yes, no, dunno, probably_yes, probably_no) values (11, 13, 10, 75, 10, 0, 5); 
insert into knowledge_base (celebrity_id, question_id, yes, no, dunno, probably_yes, probably_no) values (12, 13, 10, 75, 10, 0, 5); 
insert into knowledge_base (celebrity_id, question_id, yes, no, dunno, probably_yes, probably_no) values (1, 14, 100, 0, 0, 0, 0);   
insert into knowledge_base (celebrity_id, question_id, yes, no, dunno, probably_yes, probably_no) values (3, 14, 100, 0, 0, 0, 0);   
insert into knowledge_base (celebrity_id, question_id, yes, no, dunno, probably_yes, probably_no) values (7, 14, 100, 0, 0, 0, 0);   
insert into knowledge_base (celebrity_id, question_id, yes, no, dunno, probably_yes, probably_no) values (11, 14, 100, 0, 0, 0, 0);  
insert into knowledge_base (celebrity_id, question_id, yes, no, dunno, probably_yes, probably_no) values (12, 14, 100, 0, 0, 0, 0);  
insert into knowledge_base (celebrity_id, question_id, yes, no, dunno, probably_yes, probably_no) values (13, 14, 100, 0, 0, 0, 0);  
insert into knowledge_base (celebrity_id, question_id, yes, no, dunno, probably_yes, probably_no) values (22, 14, 100, 0, 0, 0, 0);  
insert into knowledge_base (celebrity_id, question_id, yes, no, dunno, probably_yes, probably_no) values (2, 14, 0, 100, 0, 0, 0);   
insert into knowledge_base (celebrity_id, question_id, yes, no, dunno, probably_yes, probably_no) values (4, 14, 0, 100, 0, 0, 0);   
insert into knowledge_base (celebrity_id, question_id, yes, no, dunno, probably_yes, probably_no) values (5, 14, 0, 100, 0, 0, 0);   
insert into knowledge_base (celebrity_id, question_id, yes, no, dunno, probably_yes, probably_no) values (9, 14, 0, 100, 0, 0, 0);   
insert into knowledge_base (celebrity_id, question_id, yes, no, dunno, probably_yes, probably_no) values (10, 14, 0, 100, 0, 0, 0);  
insert into knowledge_base (celebrity_id, question_id, yes, no, dunno, probably_yes, probably_no) values (14, 14, 0, 100, 0, 0, 0);  
insert into knowledge_base (celebrity_id, question_id, yes, no, dunno, probably_yes, probably_no) values (16, 14, 0, 100, 0, 0, 0);  
insert into knowledge_base (celebrity_id, question_id, yes, no, dunno, probably_yes, probably_no) values (17, 14, 0, 100, 0, 0, 0);  
insert into knowledge_base (celebrity_id, question_id, yes, no, dunno, probably_yes, probably_no) values (18, 14, 0, 100, 0, 0, 0);  
insert into knowledge_base (celebrity_id, question_id, yes, no, dunno, probably_yes, probably_no) values (19, 14, 0, 100, 0, 0, 0);  
insert into knowledge_base (celebrity_id, question_id, yes, no, dunno, probably_yes, probably_no) values (20, 14, 0, 100, 0, 0, 0);  
insert into knowledge_base (celebrity_id, question_id, yes, no, dunno, probably_yes, probably_no) values (21, 14, 0, 100, 0, 0, 0);  
insert into knowledge_base (celebrity_id, question_id, yes, no, dunno, probably_yes, probably_no) values (23, 14, 0, 100, 0, 0, 0);  
insert into knowledge_base (celebrity_id, question_id, yes, no, dunno, probably_yes, probably_no) values (6, 14, 75, 25, 0, 0, 0);   
insert into knowledge_base (celebrity_id, question_id, yes, no, dunno, probably_yes, probably_no) values (8, 14, 90, 0, 10, 0, 0);   
insert into knowledge_base (celebrity_id, question_id, yes, no, dunno, probably_yes, probably_no) values (15, 14, 80, 20, 0, 0, 0);  
insert into knowledge_base (celebrity_id, question_id, yes, no, dunno, probably_yes, probably_no) values (1, 15, 100, 0, 0, 0, 0);   
insert into knowledge_base (celebrity_id, question_id, yes, no, dunno, probably_yes, probably_no) values (2, 15, 100, 0, 0, 0, 0);   
insert into knowledge_base (celebrity_id, question_id, yes, no, dunno, probably_yes, probably_no) values (3, 15, 100, 0, 0, 0, 0);   
insert into knowledge_base (celebrity_id, question_id, yes, no, dunno, probably_yes, probably_no) values (4, 15, 100, 0, 0, 0, 0);   
insert into knowledge_base (celebrity_id, question_id, yes, no, dunno, probably_yes, probably_no) values (5, 15, 100, 0, 0, 0, 0);   
insert into knowledge_base (celebrity_id, question_id, yes, no, dunno, probably_yes, probably_no) values (6, 15, 100, 0, 0, 0, 0);   
insert into knowledge_base (celebrity_id, question_id, yes, no, dunno, probably_yes, probably_no) values (7, 15, 100, 0, 0, 0, 0);   
insert into knowledge_base (celebrity_id, question_id, yes, no, dunno, probably_yes, probably_no) values (10, 15, 100, 0, 0, 0, 0);  
insert into knowledge_base (celebrity_id, question_id, yes, no, dunno, probably_yes, probably_no) values (11, 15, 100, 0, 0, 0, 0);  
insert into knowledge_base (celebrity_id, question_id, yes, no, dunno, probably_yes, probably_no) values (12, 15, 100, 0, 0, 0, 0);  
insert into knowledge_base (celebrity_id, question_id, yes, no, dunno, probably_yes, probably_no) values (13, 15, 100, 0, 0, 0, 0);  
insert into knowledge_base (celebrity_id, question_id, yes, no, dunno, probably_yes, probably_no) values (14, 15, 100, 0, 0, 0, 0);  
insert into knowledge_base (celebrity_id, question_id, yes, no, dunno, probably_yes, probably_no) values (15, 15, 100, 0, 0, 0, 0);  
insert into knowledge_base (celebrity_id, question_id, yes, no, dunno, probably_yes, probably_no) values (16, 15, 100, 0, 0, 0, 0);  
insert into knowledge_base (celebrity_id, question_id, yes, no, dunno, probably_yes, probably_no) values (17, 15, 100, 0, 0, 0, 0);  
insert into knowledge_base (celebrity_id, question_id, yes, no, dunno, probably_yes, probably_no) values (18, 15, 100, 0, 0, 0, 0);  
insert into knowledge_base (celebrity_id, question_id, yes, no, dunno, probably_yes, probably_no) values (19, 15, 100, 0, 0, 0, 0);  
insert into knowledge_base (celebrity_id, question_id, yes, no, dunno, probably_yes, probably_no) values (20, 15, 100, 0, 0, 0, 0);  
insert into knowledge_base (celebrity_id, question_id, yes, no, dunno, probably_yes, probably_no) values (21, 15, 100, 0, 0, 0, 0);  
insert into knowledge_base (celebrity_id, question_id, yes, no, dunno, probably_yes, probably_no) values (23, 15, 100, 0, 0, 0, 0);  
insert into knowledge_base (celebrity_id, question_id, yes, no, dunno, probably_yes, probably_no) values (8, 15, 10, 60, 30, 0, 0);  
insert into knowledge_base (celebrity_id, question_id, yes, no, dunno, probably_yes, probably_no) values (9, 15, 70, 10, 20, 0, 0);  
insert into knowledge_base (celebrity_id, question_id, yes, no, dunno, probably_yes, probably_no) values (22, 15, 0, 90, 10, 0, 0);  
insert into knowledge_base (celebrity_id, question_id, yes, no, dunno, probably_yes, probably_no) values (15, 16, 100, 0, 0, 0, 0);  
insert into knowledge_base (celebrity_id, question_id, yes, no, dunno, probably_yes, probably_no) values (1, 16, 0, 100, 0, 0, 0);   
insert into knowledge_base (celebrity_id, question_id, yes, no, dunno, probably_yes, probably_no) values (2, 16, 0, 100, 0, 0, 0);   
insert into knowledge_base (celebrity_id, question_id, yes, no, dunno, probably_yes, probably_no) values (5, 16, 0, 100, 0, 0, 0);   
insert into knowledge_base (celebrity_id, question_id, yes, no, dunno, probably_yes, probably_no) values (6, 16, 0, 100, 0, 0, 0);   
insert into knowledge_base (celebrity_id, question_id, yes, no, dunno, probably_yes, probably_no) values (8, 16, 0, 100, 0, 0, 0);   
insert into knowledge_base (celebrity_id, question_id, yes, no, dunno, probably_yes, probably_no) values (9, 16, 0, 100, 0, 0, 0);   
insert into knowledge_base (celebrity_id, question_id, yes, no, dunno, probably_yes, probably_no) values (10, 16, 0, 100, 0, 0, 0);  
insert into knowledge_base (celebrity_id, question_id, yes, no, dunno, probably_yes, probably_no) values (13, 16, 0, 100, 0, 0, 0);  
insert into knowledge_base (celebrity_id, question_id, yes, no, dunno, probably_yes, probably_no) values (17, 16, 0, 100, 0, 0, 0);  
insert into knowledge_base (celebrity_id, question_id, yes, no, dunno, probably_yes, probably_no) values (18, 16, 0, 100, 0, 0, 0);  
insert into knowledge_base (celebrity_id, question_id, yes, no, dunno, probably_yes, probably_no) values (19, 16, 0, 100, 0, 0, 0);  
insert into knowledge_base (celebrity_id, question_id, yes, no, dunno, probably_yes, probably_no) values (20, 16, 0, 100, 0, 0, 0);  
insert into knowledge_base (celebrity_id, question_id, yes, no, dunno, probably_yes, probably_no) values (21, 16, 0, 100, 0, 0, 0);  
insert into knowledge_base (celebrity_id, question_id, yes, no, dunno, probably_yes, probably_no) values (22, 16, 0, 100, 0, 0, 0);  
insert into knowledge_base (celebrity_id, question_id, yes, no, dunno, probably_yes, probably_no) values (23, 16, 0, 100, 0, 0, 0);  
insert into knowledge_base (celebrity_id, question_id, yes, no, dunno, probably_yes, probably_no) values (3, 16, 15, 85, 0, 0, 0);   
insert into knowledge_base (celebrity_id, question_id, yes, no, dunno, probably_yes, probably_no) values (16, 16, 15, 85, 0, 0, 0);  
insert into knowledge_base (celebrity_id, question_id, yes, no, dunno, probably_yes, probably_no) values (7, 16, 75, 25, 0, 0, 0);   
insert into knowledge_base (celebrity_id, question_id, yes, no, dunno, probably_yes, probably_no) values (4, 16, 5, 95, 0, 0, 0);    
insert into knowledge_base (celebrity_id, question_id, yes, no, dunno, probably_yes, probably_no) values (14, 16, 5, 95, 0, 0, 0);   
insert into knowledge_base (celebrity_id, question_id, yes, no, dunno, probably_yes, probably_no) values (11, 16, 0, 95, 5, 0, 0);   
insert into knowledge_base (celebrity_id, question_id, yes, no, dunno, probably_yes, probably_no) values (12, 16, 0, 95, 5, 0, 0);   
insert into knowledge_base (celebrity_id, question_id, yes, no, dunno, probably_yes, probably_no) values (7, 17, 100, 0, 0, 0, 0);   
insert into knowledge_base (celebrity_id, question_id, yes, no, dunno, probably_yes, probably_no) values (1, 17, 0, 100, 0, 0, 0);   
insert into knowledge_base (celebrity_id, question_id, yes, no, dunno, probably_yes, probably_no) values (2, 17, 0, 100, 0, 0, 0);   
insert into knowledge_base (celebrity_id, question_id, yes, no, dunno, probably_yes, probably_no) values (3, 17, 0, 100, 0, 0, 0);   
insert into knowledge_base (celebrity_id, question_id, yes, no, dunno, probably_yes, probably_no) values (4, 17, 0, 100, 0, 0, 0);   
insert into knowledge_base (celebrity_id, question_id, yes, no, dunno, probably_yes, probably_no) values (5, 17, 0, 100, 0, 0, 0);   
insert into knowledge_base (celebrity_id, question_id, yes, no, dunno, probably_yes, probably_no) values (6, 17, 0, 100, 0, 0, 0);   
insert into knowledge_base (celebrity_id, question_id, yes, no, dunno, probably_yes, probably_no) values (8, 17, 0, 100, 0, 0, 0);   
insert into knowledge_base (celebrity_id, question_id, yes, no, dunno, probably_yes, probably_no) values (9, 17, 0, 100, 0, 0, 0);   
insert into knowledge_base (celebrity_id, question_id, yes, no, dunno, probably_yes, probably_no) values (10, 17, 0, 100, 0, 0, 0);  
insert into knowledge_base (celebrity_id, question_id, yes, no, dunno, probably_yes, probably_no) values (13, 17, 0, 100, 0, 0, 0);  
insert into knowledge_base (celebrity_id, question_id, yes, no, dunno, probably_yes, probably_no) values (14, 17, 0, 100, 0, 0, 0);  
insert into knowledge_base (celebrity_id, question_id, yes, no, dunno, probably_yes, probably_no) values (15, 17, 0, 100, 0, 0, 0);  
insert into knowledge_base (celebrity_id, question_id, yes, no, dunno, probably_yes, probably_no) values (16, 17, 0, 100, 0, 0, 0);  
insert into knowledge_base (celebrity_id, question_id, yes, no, dunno, probably_yes, probably_no) values (17, 17, 0, 100, 0, 0, 0);  
insert into knowledge_base (celebrity_id, question_id, yes, no, dunno, probably_yes, probably_no) values (18, 17, 0, 100, 0, 0, 0);  
insert into knowledge_base (celebrity_id, question_id, yes, no, dunno, probably_yes, probably_no) values (19, 17, 0, 100, 0, 0, 0);  
insert into knowledge_base (celebrity_id, question_id, yes, no, dunno, probably_yes, probably_no) values (20, 17, 0, 100, 0, 0, 0);  
insert into knowledge_base (celebrity_id, question_id, yes, no, dunno, probably_yes, probably_no) values (21, 17, 0, 100, 0, 0, 0);  
insert into knowledge_base (celebrity_id, question_id, yes, no, dunno, probably_yes, probably_no) values (22, 17, 0, 100, 0, 0, 0);  
insert into knowledge_base (celebrity_id, question_id, yes, no, dunno, probably_yes, probably_no) values (23, 17, 0, 100, 0, 0, 0);  
insert into knowledge_base (celebrity_id, question_id, yes, no, dunno, probably_yes, probably_no) values (11, 17, 85, 0, 5, 10, 0);  
insert into knowledge_base (celebrity_id, question_id, yes, no, dunno, probably_yes, probably_no) values (12, 17, 85, 0, 5, 10, 0);  
insert into knowledge_base (celebrity_id, question_id, yes, no, dunno, probably_yes, probably_no) values (1, 18, 100, 0, 0, 0, 0);   
insert into knowledge_base (celebrity_id, question_id, yes, no, dunno, probably_yes, probably_no) values (2, 18, 100, 0, 0, 0, 0);   
insert into knowledge_base (celebrity_id, question_id, yes, no, dunno, probably_yes, probably_no) values (5, 18, 100, 0, 0, 0, 0);   
insert into knowledge_base (celebrity_id, question_id, yes, no, dunno, probably_yes, probably_no) values (13, 18, 100, 0, 0, 0, 0);  
insert into knowledge_base (celebrity_id, question_id, yes, no, dunno, probably_yes, probably_no) values (15, 18, 100, 0, 0, 0, 0);  
insert into knowledge_base (celebrity_id, question_id, yes, no, dunno, probably_yes, probably_no) values (16, 18, 100, 0, 0, 0, 0);  
insert into knowledge_base (celebrity_id, question_id, yes, no, dunno, probably_yes, probably_no) values (4, 18, 0, 100, 0, 0, 0);   
insert into knowledge_base (celebrity_id, question_id, yes, no, dunno, probably_yes, probably_no) values (6, 18, 0, 100, 0, 0, 0);   
insert into knowledge_base (celebrity_id, question_id, yes, no, dunno, probably_yes, probably_no) values (7, 18, 0, 100, 0, 0, 0);   
insert into knowledge_base (celebrity_id, question_id, yes, no, dunno, probably_yes, probably_no) values (9, 18, 0, 100, 0, 0, 0);   
insert into knowledge_base (celebrity_id, question_id, yes, no, dunno, probably_yes, probably_no) values (14, 18, 0, 100, 0, 0, 0);  
insert into knowledge_base (celebrity_id, question_id, yes, no, dunno, probably_yes, probably_no) values (18, 18, 0, 100, 0, 0, 0);  
insert into knowledge_base (celebrity_id, question_id, yes, no, dunno, probably_yes, probably_no) values (22, 18, 0, 100, 0, 0, 0);  
insert into knowledge_base (celebrity_id, question_id, yes, no, dunno, probably_yes, probably_no) values (10, 18, 0, 0, 30, 70, 0);  
insert into knowledge_base (celebrity_id, question_id, yes, no, dunno, probably_yes, probably_no) values (12, 18, 0, 0, 30, 70, 0);  
insert into knowledge_base (celebrity_id, question_id, yes, no, dunno, probably_yes, probably_no) values (19, 18, 0, 0, 30, 70, 0);  
insert into knowledge_base (celebrity_id, question_id, yes, no, dunno, probably_yes, probably_no) values (20, 18, 0, 0, 30, 70, 0);  
insert into knowledge_base (celebrity_id, question_id, yes, no, dunno, probably_yes, probably_no) values (21, 18, 0, 0, 30, 70, 0);  
insert into knowledge_base (celebrity_id, question_id, yes, no, dunno, probably_yes, probably_no) values (23, 18, 0, 0, 30, 70, 0);  
insert into knowledge_base (celebrity_id, question_id, yes, no, dunno, probably_yes, probably_no) values (3, 18, 0, 0, 100, 0, 0);   
insert into knowledge_base (celebrity_id, question_id, yes, no, dunno, probably_yes, probably_no) values (8, 18, 0, 0, 100, 0, 0);   
insert into knowledge_base (celebrity_id, question_id, yes, no, dunno, probably_yes, probably_no) values (11, 18, 0, 0, 100, 0, 0);  
insert into knowledge_base (celebrity_id, question_id, yes, no, dunno, probably_yes, probably_no) values (17, 18, 80, 0, 15, 5, 0);  
insert into knowledge_base (celebrity_id, question_id, yes, no, dunno, probably_yes, probably_no) values (1, 19, 0, 0, 100, 0, 0);   
insert into knowledge_base (celebrity_id, question_id, yes, no, dunno, probably_yes, probably_no) values (3, 19, 0, 0, 100, 0, 0);   
insert into knowledge_base (celebrity_id, question_id, yes, no, dunno, probably_yes, probably_no) values (4, 19, 0, 0, 100, 0, 0);   
insert into knowledge_base (celebrity_id, question_id, yes, no, dunno, probably_yes, probably_no) values (5, 19, 0, 0, 100, 0, 0);   
insert into knowledge_base (celebrity_id, question_id, yes, no, dunno, probably_yes, probably_no) values (6, 19, 0, 0, 100, 0, 0);   
insert into knowledge_base (celebrity_id, question_id, yes, no, dunno, probably_yes, probably_no) values (8, 19, 0, 0, 100, 0, 0);   
insert into knowledge_base (celebrity_id, question_id, yes, no, dunno, probably_yes, probably_no) values (9, 19, 0, 0, 100, 0, 0);   
insert into knowledge_base (celebrity_id, question_id, yes, no, dunno, probably_yes, probably_no) values (10, 19, 0, 0, 100, 0, 0);  
insert into knowledge_base (celebrity_id, question_id, yes, no, dunno, probably_yes, probably_no) values (11, 19, 0, 0, 100, 0, 0);  
insert into knowledge_base (celebrity_id, question_id, yes, no, dunno, probably_yes, probably_no) values (12, 19, 0, 0, 100, 0, 0);  
insert into knowledge_base (celebrity_id, question_id, yes, no, dunno, probably_yes, probably_no) values (13, 19, 0, 0, 100, 0, 0);  
insert into knowledge_base (celebrity_id, question_id, yes, no, dunno, probably_yes, probably_no) values (14, 19, 0, 0, 100, 0, 0);  
insert into knowledge_base (celebrity_id, question_id, yes, no, dunno, probably_yes, probably_no) values (15, 19, 0, 0, 100, 0, 0);  
insert into knowledge_base (celebrity_id, question_id, yes, no, dunno, probably_yes, probably_no) values (16, 19, 0, 0, 100, 0, 0);  
insert into knowledge_base (celebrity_id, question_id, yes, no, dunno, probably_yes, probably_no) values (17, 19, 0, 0, 100, 0, 0);  
insert into knowledge_base (celebrity_id, question_id, yes, no, dunno, probably_yes, probably_no) values (18, 19, 0, 0, 100, 0, 0);  
insert into knowledge_base (celebrity_id, question_id, yes, no, dunno, probably_yes, probably_no) values (19, 19, 0, 0, 100, 0, 0);  
insert into knowledge_base (celebrity_id, question_id, yes, no, dunno, probably_yes, probably_no) values (20, 19, 0, 0, 100, 0, 0);  
insert into knowledge_base (celebrity_id, question_id, yes, no, dunno, probably_yes, probably_no) values (21, 19, 0, 0, 100, 0, 0);  
insert into knowledge_base (celebrity_id, question_id, yes, no, dunno, probably_yes, probably_no) values (22, 19, 0, 0, 100, 0, 0);  
insert into knowledge_base (celebrity_id, question_id, yes, no, dunno, probably_yes, probably_no) values (23, 19, 0, 0, 100, 0, 0);  
insert into knowledge_base (celebrity_id, question_id, yes, no, dunno, probably_yes, probably_no) values (2, 19, 5, 0, 95, 0, 0);    
insert into knowledge_base (celebrity_id, question_id, yes, no, dunno, probably_yes, probably_no) values (7, 19, 80, 5, 15, 0, 0);   
insert into knowledge_base (celebrity_id, question_id, yes, no, dunno, probably_yes, probably_no) values (6, 20, 100, 0, 0, 0, 0);   
insert into knowledge_base (celebrity_id, question_id, yes, no, dunno, probably_yes, probably_no) values (7, 20, 100, 0, 0, 0, 0);   
insert into knowledge_base (celebrity_id, question_id, yes, no, dunno, probably_yes, probably_no) values (23, 20, 100, 0, 0, 0, 0);  
insert into knowledge_base (celebrity_id, question_id, yes, no, dunno, probably_yes, probably_no) values (1, 20, 0, 100, 0, 0, 0);   
insert into knowledge_base (celebrity_id, question_id, yes, no, dunno, probably_yes, probably_no) values (2, 20, 0, 100, 0, 0, 0);   
insert into knowledge_base (celebrity_id, question_id, yes, no, dunno, probably_yes, probably_no) values (3, 20, 0, 100, 0, 0, 0);   
insert into knowledge_base (celebrity_id, question_id, yes, no, dunno, probably_yes, probably_no) values (4, 20, 0, 100, 0, 0, 0);   
insert into knowledge_base (celebrity_id, question_id, yes, no, dunno, probably_yes, probably_no) values (5, 20, 0, 100, 0, 0, 0);   
insert into knowledge_base (celebrity_id, question_id, yes, no, dunno, probably_yes, probably_no) values (8, 20, 0, 100, 0, 0, 0);   
insert into knowledge_base (celebrity_id, question_id, yes, no, dunno, probably_yes, probably_no) values (9, 20, 0, 100, 0, 0, 0);   
insert into knowledge_base (celebrity_id, question_id, yes, no, dunno, probably_yes, probably_no) values (10, 20, 0, 100, 0, 0, 0);  
insert into knowledge_base (celebrity_id, question_id, yes, no, dunno, probably_yes, probably_no) values (11, 20, 0, 100, 0, 0, 0);  
insert into knowledge_base (celebrity_id, question_id, yes, no, dunno, probably_yes, probably_no) values (12, 20, 0, 100, 0, 0, 0);  
insert into knowledge_base (celebrity_id, question_id, yes, no, dunno, probably_yes, probably_no) values (13, 20, 0, 100, 0, 0, 0);  
insert into knowledge_base (celebrity_id, question_id, yes, no, dunno, probably_yes, probably_no) values (14, 20, 0, 100, 0, 0, 0);  
insert into knowledge_base (celebrity_id, question_id, yes, no, dunno, probably_yes, probably_no) values (16, 20, 0, 100, 0, 0, 0);  
insert into knowledge_base (celebrity_id, question_id, yes, no, dunno, probably_yes, probably_no) values (17, 20, 0, 100, 0, 0, 0);  
insert into knowledge_base (celebrity_id, question_id, yes, no, dunno, probably_yes, probably_no) values (18, 20, 0, 100, 0, 0, 0);  
insert into knowledge_base (celebrity_id, question_id, yes, no, dunno, probably_yes, probably_no) values (19, 20, 0, 100, 0, 0, 0);  
insert into knowledge_base (celebrity_id, question_id, yes, no, dunno, probably_yes, probably_no) values (20, 20, 0, 100, 0, 0, 0);  
insert into knowledge_base (celebrity_id, question_id, yes, no, dunno, probably_yes, probably_no) values (21, 20, 0, 100, 0, 0, 0);  
insert into knowledge_base (celebrity_id, question_id, yes, no, dunno, probably_yes, probably_no) values (22, 20, 0, 100, 0, 0, 0);  
insert into knowledge_base (celebrity_id, question_id, yes, no, dunno, probably_yes, probably_no) values (15, 20, 95, 3, 2, 0, 0);   
insert into knowledge_base (celebrity_id, question_id, yes, no, dunno, probably_yes, probably_no) values (1, 21, 0, 100, 0, 0, 0);   
insert into knowledge_base (celebrity_id, question_id, yes, no, dunno, probably_yes, probably_no) values (2, 21, 0, 100, 0, 0, 0);   
insert into knowledge_base (celebrity_id, question_id, yes, no, dunno, probably_yes, probably_no) values (4, 21, 0, 100, 0, 0, 0);   
insert into knowledge_base (celebrity_id, question_id, yes, no, dunno, probably_yes, probably_no) values (5, 21, 0, 100, 0, 0, 0);   
insert into knowledge_base (celebrity_id, question_id, yes, no, dunno, probably_yes, probably_no) values (6, 21, 0, 100, 0, 0, 0);   
insert into knowledge_base (celebrity_id, question_id, yes, no, dunno, probably_yes, probably_no) values (7, 21, 0, 100, 0, 0, 0);   
insert into knowledge_base (celebrity_id, question_id, yes, no, dunno, probably_yes, probably_no) values (8, 21, 0, 100, 0, 0, 0);   
insert into knowledge_base (celebrity_id, question_id, yes, no, dunno, probably_yes, probably_no) values (9, 21, 0, 100, 0, 0, 0);   
insert into knowledge_base (celebrity_id, question_id, yes, no, dunno, probably_yes, probably_no) values (10, 21, 0, 100, 0, 0, 0);  
insert into knowledge_base (celebrity_id, question_id, yes, no, dunno, probably_yes, probably_no) values (13, 21, 0, 100, 0, 0, 0);  
insert into knowledge_base (celebrity_id, question_id, yes, no, dunno, probably_yes, probably_no) values (14, 21, 0, 100, 0, 0, 0);  
insert into knowledge_base (celebrity_id, question_id, yes, no, dunno, probably_yes, probably_no) values (15, 21, 0, 100, 0, 0, 0);  
insert into knowledge_base (celebrity_id, question_id, yes, no, dunno, probably_yes, probably_no) values (16, 21, 0, 100, 0, 0, 0);  
insert into knowledge_base (celebrity_id, question_id, yes, no, dunno, probably_yes, probably_no) values (17, 21, 0, 100, 0, 0, 0);  
insert into knowledge_base (celebrity_id, question_id, yes, no, dunno, probably_yes, probably_no) values (18, 21, 0, 100, 0, 0, 0);  
insert into knowledge_base (celebrity_id, question_id, yes, no, dunno, probably_yes, probably_no) values (19, 21, 0, 100, 0, 0, 0);  
insert into knowledge_base (celebrity_id, question_id, yes, no, dunno, probably_yes, probably_no) values (20, 21, 0, 100, 0, 0, 0);  
insert into knowledge_base (celebrity_id, question_id, yes, no, dunno, probably_yes, probably_no) values (21, 21, 0, 100, 0, 0, 0);  
insert into knowledge_base (celebrity_id, question_id, yes, no, dunno, probably_yes, probably_no) values (22, 21, 0, 100, 0, 0, 0);  
insert into knowledge_base (celebrity_id, question_id, yes, no, dunno, probably_yes, probably_no) values (23, 21, 0, 100, 0, 0, 0);  
insert into knowledge_base (celebrity_id, question_id, yes, no, dunno, probably_yes, probably_no) values (3, 21, 0, 80, 5, 0, 15);   
insert into knowledge_base (celebrity_id, question_id, yes, no, dunno, probably_yes, probably_no) values (11, 21, 0, 80, 5, 0, 15);  
insert into knowledge_base (celebrity_id, question_id, yes, no, dunno, probably_yes, probably_no) values (12, 21, 0, 80, 5, 0, 15);  
insert into knowledge_base (celebrity_id, question_id, yes, no, dunno, probably_yes, probably_no) values (2, 22, 100, 0, 0, 0, 0);   
insert into knowledge_base (celebrity_id, question_id, yes, no, dunno, probably_yes, probably_no) values (5, 22, 100, 0, 0, 0, 0);   
insert into knowledge_base (celebrity_id, question_id, yes, no, dunno, probably_yes, probably_no) values (18, 22, 100, 0, 0, 0, 0);  
insert into knowledge_base (celebrity_id, question_id, yes, no, dunno, probably_yes, probably_no) values (21, 22, 100, 0, 0, 0, 0);  
insert into knowledge_base (celebrity_id, question_id, yes, no, dunno, probably_yes, probably_no) values (1, 22, 0, 100, 0, 0, 0);   
insert into knowledge_base (celebrity_id, question_id, yes, no, dunno, probably_yes, probably_no) values (3, 22, 0, 100, 0, 0, 0);   
insert into knowledge_base (celebrity_id, question_id, yes, no, dunno, probably_yes, probably_no) values (4, 22, 0, 100, 0, 0, 0);   
insert into knowledge_base (celebrity_id, question_id, yes, no, dunno, probably_yes, probably_no) values (6, 22, 0, 100, 0, 0, 0);   
insert into knowledge_base (celebrity_id, question_id, yes, no, dunno, probably_yes, probably_no) values (7, 22, 0, 100, 0, 0, 0);   
insert into knowledge_base (celebrity_id, question_id, yes, no, dunno, probably_yes, probably_no) values (8, 22, 0, 100, 0, 0, 0);   
insert into knowledge_base (celebrity_id, question_id, yes, no, dunno, probably_yes, probably_no) values (9, 22, 0, 100, 0, 0, 0);   
insert into knowledge_base (celebrity_id, question_id, yes, no, dunno, probably_yes, probably_no) values (10, 22, 0, 100, 0, 0, 0);  
insert into knowledge_base (celebrity_id, question_id, yes, no, dunno, probably_yes, probably_no) values (11, 22, 0, 100, 0, 0, 0);  
insert into knowledge_base (celebrity_id, question_id, yes, no, dunno, probably_yes, probably_no) values (12, 22, 0, 100, 0, 0, 0);  
insert into knowledge_base (celebrity_id, question_id, yes, no, dunno, probably_yes, probably_no) values (13, 22, 0, 100, 0, 0, 0);  
insert into knowledge_base (celebrity_id, question_id, yes, no, dunno, probably_yes, probably_no) values (14, 22, 0, 100, 0, 0, 0);  
insert into knowledge_base (celebrity_id, question_id, yes, no, dunno, probably_yes, probably_no) values (15, 22, 0, 100, 0, 0, 0);  
insert into knowledge_base (celebrity_id, question_id, yes, no, dunno, probably_yes, probably_no) values (16, 22, 0, 100, 0, 0, 0);  
insert into knowledge_base (celebrity_id, question_id, yes, no, dunno, probably_yes, probably_no) values (17, 22, 0, 100, 0, 0, 0);  
insert into knowledge_base (celebrity_id, question_id, yes, no, dunno, probably_yes, probably_no) values (19, 22, 0, 100, 0, 0, 0);  
insert into knowledge_base (celebrity_id, question_id, yes, no, dunno, probably_yes, probably_no) values (20, 22, 0, 100, 0, 0, 0);  
insert into knowledge_base (celebrity_id, question_id, yes, no, dunno, probably_yes, probably_no) values (22, 22, 0, 100, 0, 0, 0);  
insert into knowledge_base (celebrity_id, question_id, yes, no, dunno, probably_yes, probably_no) values (23, 22, 0, 100, 0, 0, 0);  
insert into knowledge_base (celebrity_id, question_id, yes, no, dunno, probably_yes, probably_no) values (2, 23, 10, 60, 10, 10, 10);
insert into knowledge_base (celebrity_id, question_id, yes, no, dunno, probably_yes, probably_no) values (3, 23, 10, 60, 10, 10, 10);
insert into knowledge_base (celebrity_id, question_id, yes, no, dunno, probably_yes, probably_no) values (1, 23, 0, 100, 0, 0, 0);   
insert into knowledge_base (celebrity_id, question_id, yes, no, dunno, probably_yes, probably_no) values (4, 23, 0, 100, 0, 0, 0);   
insert into knowledge_base (celebrity_id, question_id, yes, no, dunno, probably_yes, probably_no) values (5, 23, 0, 100, 0, 0, 0);   
insert into knowledge_base (celebrity_id, question_id, yes, no, dunno, probably_yes, probably_no) values (6, 23, 0, 100, 0, 0, 0);   
insert into knowledge_base (celebrity_id, question_id, yes, no, dunno, probably_yes, probably_no) values (7, 23, 0, 100, 0, 0, 0);   
insert into knowledge_base (celebrity_id, question_id, yes, no, dunno, probably_yes, probably_no) values (8, 23, 0, 100, 0, 0, 0);   
insert into knowledge_base (celebrity_id, question_id, yes, no, dunno, probably_yes, probably_no) values (9, 23, 0, 100, 0, 0, 0);   
insert into knowledge_base (celebrity_id, question_id, yes, no, dunno, probably_yes, probably_no) values (10, 23, 0, 100, 0, 0, 0);  
insert into knowledge_base (celebrity_id, question_id, yes, no, dunno, probably_yes, probably_no) values (11, 23, 0, 100, 0, 0, 0);  
insert into knowledge_base (celebrity_id, question_id, yes, no, dunno, probably_yes, probably_no) values (12, 23, 0, 100, 0, 0, 0);  
insert into knowledge_base (celebrity_id, question_id, yes, no, dunno, probably_yes, probably_no) values (13, 23, 0, 100, 0, 0, 0);  
insert into knowledge_base (celebrity_id, question_id, yes, no, dunno, probably_yes, probably_no) values (14, 23, 0, 100, 0, 0, 0);  
insert into knowledge_base (celebrity_id, question_id, yes, no, dunno, probably_yes, probably_no) values (15, 23, 0, 100, 0, 0, 0);  
insert into knowledge_base (celebrity_id, question_id, yes, no, dunno, probably_yes, probably_no) values (16, 23, 0, 100, 0, 0, 0);  
insert into knowledge_base (celebrity_id, question_id, yes, no, dunno, probably_yes, probably_no) values (17, 23, 0, 100, 0, 0, 0);  
insert into knowledge_base (celebrity_id, question_id, yes, no, dunno, probably_yes, probably_no) values (18, 23, 0, 100, 0, 0, 0);  
insert into knowledge_base (celebrity_id, question_id, yes, no, dunno, probably_yes, probably_no) values (19, 23, 0, 100, 0, 0, 0);  
insert into knowledge_base (celebrity_id, question_id, yes, no, dunno, probably_yes, probably_no) values (22, 23, 0, 100, 0, 0, 0);  
insert into knowledge_base (celebrity_id, question_id, yes, no, dunno, probably_yes, probably_no) values (23, 23, 0, 100, 0, 0, 0);  
insert into knowledge_base (celebrity_id, question_id, yes, no, dunno, probably_yes, probably_no) values (20, 23, 0, 0, 70, 30, 0);  
insert into knowledge_base (celebrity_id, question_id, yes, no, dunno, probably_yes, probably_no) values (21, 23, 0, 0, 70, 30, 0);  
